{"val_loss": 16.681907653808594, "epoch": 0, "trainer/global_step": 3256, "_timestamp": 1711775733.8230748, "_runtime": 1112.8150317668915, "_step": 1, "train_loss": 20.04388999938965, "train_ce_loss": 5.370095729827881, "train_kl_loss": 14.64815902709961, "train_fmap_loss": 0.025633972138166428, "_wandb": {"runtime": 1315}}